,tmc,0,1,2,3,4,5,6,7,8,9,10,11,12,13,14,15,16,17,18,19,20,21,22,23,geometry,ADA,BACKRD,CARRIAGE,CHARGE,CONSTATUS,DYNSPEED,FEATTYP,FOW,FRC,FREEWAY,FT,F_BP,F_ELEV,F_JNCTID,F_JNCTTYP,ID,KPH,LANES,METERS,MINUTES,NAME,NAMELC,NAMETYP,NET2CLASS,NETBCLASS,NETCLASS,NTHRUTRAF,ONEWAY,PARTSTRUC,PJ,POSACCUR,PRIVATERD,PROCSTAT,RAMP,RDCOND,ROUGHRD,RTEDIR,RTEDIRVD,RTETYP,SHIELDNUM,SLIPRD,SOL,SPEEDCAT,STUBBLE,TOLLRD,TRANS,T_BP,T_ELEV,T_JNCTID,T_JNCTTYP,RDSTMC_nw,TMCPATHID_nw,tmc_nw,RDSTMC_rd,TMCPATHID_rd,inrix_tmc,RDSTMC,TMCPATHID
74,105N04295,62.93,62.2,62.0,62.9,63.8,64.26,64.34,65.955,65.325,66.0,65.0,65.58,66.0,66.0,65.0,30.09,18.29,16.12,17.96,27.85,63.715,65.0,64.555,64.0,,,,,,,,,,,,,,,,,,,,,,,,,,,,,,,,,,,,,,,,,,,,,,,,,,,,,,,,,,,
128,105P04294,63.0,64.0,64.0,65.0,68.0,66.0,62.0,36.0,55.0,65.0,66.0,66.0,66.0,67.0,66.0,67.0,67.0,67.0,65.0,64.0,65.0,66.0,65.0,64.0,,,,,,,,,,,,,,,,,,,,,,,,,,,,,,,,,,,,,,,,,,,,,,,,,,,,,,,,,,,
129,105P04295,63.0,64.0,64.0,64.0,67.0,66.0,62.0,29.0,45.0,65.0,65.0,65.0,66.0,66.0,65.0,66.0,67.0,66.0,64.0,64.0,65.0,65.0,64.0,64.0,,,,,,,,,,,,,,,,,,,,,,,,,,,,,,,,,,,,,,,,,,,,,,,,,,,,,,,,,,,
200,105+04647,66.0,66.0,65.4,65.6,66.0,67.32,68.0,67.34,66.4,66.13,66.0,65.79,66.8,66.84,66.78,66.0,65.58,66.0,66.34,65.57,65.065,65.4,65.39,66.8,,,,,,,,,,,,,,,,,,,,,,,,,,,,,,,,,,,,,,,,,,,,,,,,,,,,,,,,,,,
209,105P04647,66.0,66.0,65.8,66.0,66.0,68.0,67.8,64.59,63.6,64.17,64.50999999999999,64.56,65.0,65.07,65.535,65.6,65.23,65.4,65.79,65.795,65.99,66.145,66.0,66.295,,,,,,,,,,,,,,,,,,,,,,,,,,,,,,,,,,,,,,,,,,,,,,,,,,,,,,,,,,,
226,105N04650,65.0,66.0,66.0,65.0,64.0,66.0,65.0,62.0,63.0,64.0,65.0,66.0,66.0,67.0,66.0,66.0,65.0,62.0,61.0,64.0,67.0,67.0,67.0,67.0,,,,,,,,,,,,,,,,,,,,,,,,,,,,,,,,,,,,,,,,,,,,,,,,,,,,,,,,,,,
298,105+08253,48.0,46.0,48.0,49.0,47.0,46.0,45.0,45.0,44.2,43.8,43.165,42.59,41.129999999999995,41.795,42.39,43.0,42.8,43.39,44.2,45.0,44.75,45.995000000000005,45.665000000000006,47.0,,,,,,,,,,,,,,,,,,,,,,,,,,,,,,,,,,,,,,,,,,,,,,,,,,,,,,,,,,,
318,105-06262,54.0,53.0,52.0,54.0,55.0,52.0,54.0,54.0,53.0,52.0,52.0,52.0,51.0,51.0,50.0,48.0,39.0,40.0,47.0,51.0,51.0,51.0,51.0,52.0,,,,,,,,,,,,,,,,,,,,,,,,,,,,,,,,,,,,,,,,,,,,,,,,,,,,,,,,,,,
319,105-06263,51.0,48.0,48.0,50.0,51.0,49.0,52.0,51.0,51.0,50.0,49.0,49.0,48.0,48.0,48.0,45.0,24.0,22.0,38.0,48.0,48.0,48.0,48.0,50.0,,,,,,,,,,,,,,,,,,,,,,,,,,,,,,,,,,,,,,,,,,,,,,,,,,,,,,,,,,,
374,105+04939,61.0,61.0,60.0,59.0,60.0,62.0,63.535,63.0,62.965,62.0,62.11,61.980000000000004,62.6,63.0,62.6,61.120000000000005,60.0,56.0,44.47,56.144999999999996,61.59,62.0,62.0,61.0,,,,,,,,,,,,,,,,,,,,,,,,,,,,,,,,,,,,,,,,,,,,,,,,,,,,,,,,,,,
392,105N04939,63.0,63.0,63.0,63.0,63.0,65.0,61.0,31.0,28.0,27.0,62.0,66.0,65.0,64.0,64.0,66.0,65.0,66.0,66.0,65.0,64.0,63.0,64.0,63.0,,,,,,,,,,,,,,,,,,,,,,,,,,,,,,,,,,,,,,,,,,,,,,,,,,,,,,,,,,,
395,105+04305,65.0,65.0,65.0,65.0,65.08500000000001,68.6,65.2,22.28,14.71,63.7,64.0,64.0,64.91,65.0,64.995,66.87,67.0,66.59,66.0,65.4,64.6,64.6,64.8,64.8,,,,,,,,,,,,,,,,,,,,,,,,,,,,,,,,,,,,,,,,,,,,,,,,,,,,,,,,,,,
401,105+04311,66.0,65.94,65.59,66.0,67.0,69.0,63.375,20.52,23.380000000000003,62.39,67.235,67.0,66.6,66.2,66.54,65.195,66.0,64.79,64.2,64.975,65.99,66.15,66.0,66.0,,,,,,,,,,,,,,,,,,,,,,,,,,,,,,,,,,,,,,,,,,,,,,,,,,,,,,,,,,,
405,105+04315,63.0,62.0,62.0,62.2,66.0,69.4,64.0,31.475,22.075,45.95,64.4,67.34,67.0,67.0,67.0,66.19,67.0,66.8,67.0,67.0,66.4,66.19,66.0,64.0,,,,,,,,,,,,,,,,,,,,,,,,,,,,,,,,,,,,,,,,,,,,,,,,,,,,,,,,,,,
434,105P04315,64.0,62.0,62.0,62.6,67.0,70.39,61.474999999999994,19.04,15.335,18.19,53.349999999999994,70.2,70.2,70.39,70.0,69.6,69.95,69.2,70.0,68.0,67.2,66.6,65.595,64.0,,,,,,,,,,,,,,,,,,,,,,,,,,,,,,,,,,,,,,,,,,,,,,,,,,,,,,,,,,,
447,105-04304,69.0,67.0,68.0,67.0,74.0,69.0,68.0,68.0,67.0,67.0,67.0,67.0,67.0,67.0,67.0,67.0,66.0,67.0,67.0,68.0,67.0,68.0,68.0,69.0,,,,,,,,,,,,,,,,,,,,,,,,,,,,,,,,,,,,,,,,,,,,,,,,,,,,,,,,,,,
457,105-04314,67.0,67.0,66.0,66.0,66.0,67.0,67.0,68.0,69.0,69.0,70.0,70.0,70.0,70.0,70.0,64.0,46.0,28.0,31.0,65.0,68.0,69.0,68.0,67.0,,,,,,,,,,,,,,,,,,,,,,,,,,,,,,,,,,,,,,,,,,,,,,,,,,,,,,,,,,,
471,105N04304,66.0,64.0,65.0,66.0,72.0,63.0,66.0,67.0,66.0,66.0,65.0,66.0,66.0,66.0,66.0,66.0,65.0,66.0,67.0,66.0,65.0,65.0,65.0,67.0,,,,,,,,,,,,,,,,,,,,,,,,,,,,,,,,,,,,,,,,,,,,,,,,,,,,,,,,,,,
480,105N04310,65.0,63.0,62.0,61.0,62.0,63.0,67.0,69.0,69.0,69.0,69.0,69.0,69.0,70.0,70.0,68.0,66.0,62.0,64.0,68.0,68.0,67.0,67.0,65.0,,,,,,,,,,,,,,,,,,,,,,,,,,,,,,,,,,,,,,,,,,,,,,,,,,,,,,,,,,,
504,105+04657,67.0,67.2,67.2,67.0,67.4,67.245,64.645,63.25,47.1,58.66,65.99000000000001,66.65,67.0,66.0,66.0,65.55,65.78,66.4,66.6,67.0,67.0,67.0,67.39,67.4,,,,,,,,,,,,,,,,,,,,,,,,,,,,,,,,,,,,,,,,,,,,,,,,,,,,,,,,,,,
594,105-05614,67.0,67.0,67.0,67.0,66.0,65.0,63.0,56.0,54.0,57.0,58.0,59.0,59.0,59.0,58.0,58.0,57.0,52.0,57.0,63.0,64.0,66.0,67.0,67.0,,,,,,,,,,,,,,,,,,,,,,,,,,,,,,,,,,,,,,,,,,,,,,,,,,,,,,,,,,,
615,105N05614,58.0,58.0,58.0,58.0,58.0,56.0,64.0,61.0,54.0,53.0,53.0,54.0,53.0,53.0,53.0,54.0,53.0,52.0,53.0,57.0,57.0,58.0,59.0,59.0,,,,,,,,,,,,,,,,,,,,,,,,,,,,,,,,,,,,,,,,,,,,,,,,,,,,,,,,,,,
621,105+06243,54.2,53.45,54.0,54.8,54.375,54.0,54.0,54.0,54.0,54.0,54.2,54.6,54.2,55.0,54.18,55.0,55.0,55.2,55.18,54.4,54.0,54.5,54.8,54.0,,,,,,,,,,,,,,,,,,,,,,,,,,,,,,,,,,,,,,,,,,,,,,,,,,,,,,,,,,,
622,105+06244,54.0,55.0,54.8,56.0,57.0,54.0,55.39,56.0,56.0,55.0,55.0,56.0,55.4,56.0,56.0,55.19,56.0,56.0,57.0,55.4,55.785,56.0,56.0,55.0,,,,,,,,,,,,,,,,,,,,,,,,,,,,,,,,,,,,,,,,,,,,,,,,,,,,,,,,,,,
623,105+06245,59.0,58.0,58.0,58.5,57.0,57.0,57.0,58.0,57.0,58.0,58.0,58.0,58.0,58.0,58.195,57.4,58.0,58.0,58.2,58.0,58.0,57.1,59.0,57.0,,,,,,,,,,,,,,,,,,,,,,,,,,,,,,,,,,,,,,,,,,,,,,,,,,,,,,,,,,,
624,105+06246,58.0,58.18,57.59,58.0,58.0,58.0,58.0,59.0,58.0,57.885,58.0,58.0,58.0,58.18,58.39,58.18,58.995000000000005,58.4,59.0,58.0,58.0,58.0,58.0,57.6,,,,,,,,,,,,,,,,,,,,,,,,,,,,,,,,,,,,,,,,,,,,,,,,,,,,,,,,,,,
626,105+06251,29.0,29.0,29.0,27.39,26.0,25.0,24.24,24.37,22.83,21.25,22.0,21.15,20.0,21.21,21.0,21.0,21.18,21.0,21.06,22.0,24.0,26.0,27.19,26.5,,,,,,,,,,,,,,,,,,,,,,,,,,,,,,,,,,,,,,,,,,,,,,,,,,,,,,,,,,,
628,105P06242,,,,,,,45.0,40.0,40.0,,21.0,5.0,5.0,23.0,18.0,36.0,7.0,36.0,32.0,35.0,24.0,32.0,,,,,,,,,,,,,,,,,,,,,,,,,,,,,,,,,,,,,,,,,,,,,,,,,,,,,,,,,,,,,
650,105N06251,29.0,32.0,33.0,33.0,29.0,31.0,31.0,32.0,31.0,31.0,30.0,31.0,29.0,30.0,29.0,32.0,33.0,31.0,33.0,30.0,30.0,33.0,32.0,30.0,,,,,,,,,,,,,,,,,,,,,,,,,,,,,,,,,,,,,,,,,,,,,,,,,,,,,,,,,,,
653,105+11404,57.0,47.59,54.0,55.0,55.0,54.0,52.33,53.625,51.0,50.43,50.0,50.0,49.0,50.84,51.19,52.4,53.0,55.0,54.0,55.0,56.2,54.0,52.76,55.245000000000005,,,,,,,,,,,,,,,,,,,,,,,,,,,,,,,,,,,,,,,,,,,,,,,,,,,,,,,,,,,
685,105P05141,67.0,66.4,66.2,66.19,66.0,66.2,66.58,68.0,66.5,67.16,68.365,68.41,67.77,67.8,63.575,30.15,30.08,23.665,22.52,20.57,65.0,66.8,67.0,66.76,,,,,,,,,,,,,,,,,,,,,,,,,,,,,,,,,,,,,,,,,,,,,,,,,,,,,,,,,,,
698,105-05140,66.0,66.0,66.0,66.0,67.0,66.0,63.0,58.0,45.0,57.0,61.0,65.0,65.0,65.0,66.0,65.0,65.0,63.0,63.0,65.0,65.0,65.0,65.0,66.0,,,,,,,,,,,,,,,,,,,,,,,,,,,,,,,,,,,,,,,,,,,,,,,,,,,,,,,,,,,
749,105+04410,64.2,63.5,64.56,66.4,67.54,66.0,67.0,65.0,64.6,64.0,63.655,64.0,63.8,63.8,62.82,62.57,47.41,27.84,37.730000000000004,59.975,60.535,60.8,61.2,62.68,,,,,,,,,,,,,,,,,,,,,,,,,,,,,,,,,,,,,,,,,,,,,,,,,,,,,,,,,,,
762,105+04423,62.6,64.0,64.91,64.79,63.89,64.0,64.19,64.79,63.565,62.93,63.465,63.59,63.0,62.38,60.0,26.395,21.17,16.19,19.505,41.09,60.6,62.425,63.0,63.37,,,,,,,,,,,,,,,,,,,,,,,,,,,,,,,,,,,,,,,,,,,,,,,,,,,,,,,,,,,
775,105+04436,58.0,58.0,58.0,58.0,58.78,59.879999999999995,63.455,64.08500000000001,64.2,63.97,64.475,64.61,65.0,66.0,65.375,64.36,64.2,63.595,64.0,61.0,59.0,59.0,59.6,59.56,,,,,,,,,,,,,,,,,,,,,,,,,,,,,,,,,,,,,,,,,,,,,,,,,,,,,,,,,,,
825,105P04406,63.985,62.795,61.98,61.0,62.18,64.0,65.38,62.8,61.6,61.18,61.370000000000005,61.39,60.8,61.0,58.59,56.78,56.655,54.97,55.6,57.0,58.8,59.394999999999996,60.2,62.0,,,,,,,,,,,,,,,,,,,,,,,,,,,,,,,,,,,,,,,,,,,,,,,,,,,,,,,,,,,
843,105P04423,61.56,63.235,64.47,64.635,63.0,63.085,63.6,63.985,62.8,62.06,62.739999999999995,63.17,62.53,62.0,59.2,26.795,22.445,17.115000000000002,20.575,36.885000000000005,59.79,61.545,61.2,62.675,,,,,,,,,,,,,,,,,,,,,,,,,,,,,,,,,,,,,,,,,,,,,,,,,,,,,,,,,,,
858,105P04436,53.0,53.0,52.0,53.0,53.4,54.795,58.75,59.78,59.785,58.4,58.66,59.125,59.0,59.98,58.8,57.585,57.6,57.965,58.769999999999996,56.16,54.795,54.235,54.0,54.4,,,,,,,,,,,,,,,,,,,,,,,,,,,,,,,,,,,,,,,,,,,,,,,,,,,,,,,,,,,
907,105-04409,63.0,67.0,67.0,64.0,64.0,56.0,11.0,10.0,23.0,21.0,16.0,40.0,57.0,59.0,59.0,60.0,60.0,58.0,58.0,61.0,61.0,61.0,63.0,65.0,,,,,,,,,,,,,,,,,,,,,,,,,,,,,,,,,,,,,,,,,,,,,,,,,,,,,,,,,,,
919,105-04421,61.0,63.0,62.0,64.0,66.0,61.0,52.0,28.0,23.0,29.0,62.0,63.0,63.0,64.0,63.0,63.0,63.0,63.0,64.0,63.0,63.0,63.0,63.0,62.0,,,,,,,,,,,,,,,,,,,,,,,,,,,,,,,,,,,,,,,,,,,,,,,,,,,,,,,,,,,
981,105N04406,59.0,58.0,58.0,61.0,64.0,57.0,52.0,43.0,37.0,38.0,54.0,52.0,55.0,59.0,59.0,60.0,57.0,27.0,28.0,60.0,62.0,61.0,62.0,62.0,,,,,,,,,,,,,,,,,,,,,,,,,,,,,,,,,,,,,,,,,,,,,,,,,,,,,,,,,,,
1009,105N04435,59.0,61.0,60.0,61.0,66.0,65.0,64.0,66.0,67.0,66.0,65.0,65.0,66.0,65.0,65.0,65.0,65.0,66.0,66.0,64.0,62.0,60.0,60.0,60.0,,,,,,,,,,,,,,,,,,,,,,,,,,,,,,,,,,,,,,,,,,,,,,,,,,,,,,,,,,,
1052,105+05157,62.07,61.0,60.9,60.33,60.45,61.8,66.14,67.37,67.61,64.4,63.42,65.77,65.445,65.62,64.89,64.18,61.675,59.985,57.46,57.315,64.39,67.535,66.0,64.63,,,,,,,,,,,,,,,,,,,,,,,,,,,,,,,,,,,,,,,,,,,,,,,,,,,,,,,,,,,
1071,105+04821,67.0,67.0,67.0,67.0,67.4,69.2,63.0,43.73,56.92,60.0,63.974999999999994,65.79,65.15,64.74,63.98,64.15,64.2,61.59,63.2,64.8,65.36,66.795,67.2,67.4,,,,,,,,,,,,,,,,,,,,,,,,,,,,,,,,,,,,,,,,,,,,,,,,,,,,,,,,,,,
1073,105+04823,64.0,64.0,64.0,64.0,64.0,67.94,60.765,21.02,35.15,57.81,62.425,64.13,63.86,64.2,63.77,64.5,65.39,61.54,63.11,64.38,64.0,65.0,65.57,64.8,,,,,,,,,,,,,,,,,,,,,,,,,,,,,,,,,,,,,,,,,,,,,,,,,,,,,,,,,,,
1102,105+04852,67.0,66.0,66.0,65.19,65.77,67.17,68.8,66.72999999999999,64.045,68.0,69.0,69.0,69.0,68.35,68.4,70.05,66.985,33.15,41.625,68.235,68.18,67.6,67.0,66.79,,,,,,,,,,,,,,,,,,,,,,,,,,,,,,,,,,,,,,,,,,,,,,,,,,,,,,,,,,,
1112,105+04862,63.0,62.0,61.0,62.0,65.0,65.0,65.0,59.4,58.254999999999995,63.95,64.0,64.0,64.0,64.0,63.58,63.0,62.2,61.2,60.8,61.96,62.25,62.8,62.0,63.0,,,,,,,,,,,,,,,,,,,,,,,,,,,,,,,,,,,,,,,,,,,,,,,,,,,,,,,,,,,
1129,105P04817,65.4,65.4,65.2,65.0,65.77,67.57,62.555,46.09,41.775,53.57,61.79,64.39,63.8,63.75,63.3,63.465,64.16499999999999,63.42,63.38,64.57,64.53999999999999,65.6,66.0,66.18,,,,,,,,,,,,,,,,,,,,,,,,,,,,,,,,,,,,,,,,,,,,,,,,,,,,,,,,,,,
1137,105P04823,65.4,65.0,65.0,65.0,65.57499999999999,68.38,62.004999999999995,13.945,18.455,49.18,63.545,65.58,65.4,65.79,65.39,65.59,66.19,63.775000000000006,65.0,65.39,65.2,66.0,66.68,66.0,,,,,,,,,,,,,,,,,,,,,,,,,,,,,,,,,,,,,,,,,,,,,,,,,,,,,,,,,,,
1189,105-04814,65.0,65.0,65.0,65.0,65.0,65.0,66.0,67.0,68.0,68.0,66.0,65.0,65.0,65.0,64.0,61.0,60.0,60.0,61.0,62.0,64.0,66.0,66.0,66.0,,,,,,,,,,,,,,,,,,,,,,,,,,,,,,,,,,,,,,,,,,,,,,,,,,,,,,,,,,,
1195,105-04820,67.0,68.0,67.0,67.0,67.0,67.0,65.0,65.0,53.0,62.0,64.0,64.0,63.0,63.0,60.0,52.0,26.0,18.0,21.0,54.0,63.0,65.0,67.0,68.0,,,,,,,,,,,,,,,,,,,,,,,,,,,,,,,,,,,,,,,,,,,,,,,,,,,,,,,,,,,
1244,105-04869,63.0,63.0,63.0,62.0,63.0,65.0,66.0,67.0,67.0,66.0,65.0,65.0,66.0,65.0,64.0,61.0,58.0,20.0,60.0,64.0,64.0,64.0,64.0,64.0,,,,,,,,,,,,,,,,,,,,,,,,,,,,,,,,,,,,,,,,,,,,,,,,,,,,,,,,,,,
1298,105N04862,69.0,66.0,66.0,66.0,67.0,66.0,69.0,71.0,71.0,70.0,69.0,67.0,68.0,68.0,68.0,69.0,68.0,68.0,68.0,68.0,68.0,68.0,68.0,68.0,,,,,,,,,,,,,,,,,,,,,,,,,,,,,,,,,,,,,,,,,,,,,,,,,,,,,,,,,,,
1339,105N04227,61.0,61.0,61.0,61.0,62.0,61.0,62.0,62.0,61.0,61.0,61.0,61.0,61.0,62.0,64.0,63.0,63.0,64.0,63.0,62.0,61.0,62.0,61.0,61.0,,,,,,,,,,,,,,,,,,,,,,,,,,,,,,,,,,,,,,,,,,,,,,,,,,,,,,,,,,,
1356,105-04495,59.0,58.99,58.8,59.0,59.0,61.275,64.07499999999999,59.9,37.56,57.79,63.0,63.24,64.0,63.4,60.93,49.69,50.83,51.545,59.945,63.035,64.0,63.09,63.64,63.0,,,,,,,,,,,,,,,,,,,,,,,,,,,,,,,,,,,,,,,,,,,,,,,,,,,,,,,,,,,
1366,105-04504,68.23,69.0,66.78,66.0,69.0,71.55,71.0,71.0,70.035,70.85,70.59,70.19,70.0,69.79,69.72,69.59,68.19,67.79,68.0,69.0,68.6,68.0,68.0,68.0,,,,,,,,,,,,,,,,,,,,,,,,,,,,,,,,,,,,,,,,,,,,,,,,,,,,,,,,,,,
1374,105-04511,68.0,64.71,66.59,64.69999999999999,66.15,68.16499999999999,68.0,67.995,66.79,67.38499999999999,66.91,66.79,67.2,67.12,66.47,57.0,23.259999999999998,22.54,24.19,64.495,66.18,66.2,67.0,67.4,,,,,,,,,,,,,,,,,,,,,,,,,,,,,,,,,,,,,,,,,,,,,,,,,,,,,,,,,,,
1375,105-04512,67.0,64.0,64.0,63.0,67.9,70.0,69.0,67.985,66.98,67.06,67.0,67.0,67.47,67.1,66.6,63.505,24.59,22.19,25.27,65.17,66.0,65.78,66.0,66.0,,,,,,,,,,,,,,,,,,,,,,,,,,,,,,,,,,,,,,,,,,,,,,,,,,,,,,,,,,,
1406,105-05170,60.769999999999996,60.0,60.0,60.685,61.0,60.59,61.0,62.0,61.9,61.0,61.0,60.94,61.0,62.0,64.17,66.47,66.405,66.15,63.0,62.37,62.0,61.62,60.6,61.0,,,,,,,,,,,,,,,,,,,,,,,,,,,,,,,,,,,,,,,,,,,,,,,,,,,,,,,,,,,
1425,105N04496,59.6,59.0,59.0,59.055,59.17,62.19,64.47999999999999,60.519999999999996,32.629999999999995,58.53,63.4,63.51,64.08,63.74,61.195,41.905,49.84,44.275000000000006,60.22,63.18,64.5,63.485,63.98,63.02,,,,,,,,,,,,,,,,,,,,,,,,,,,,,,,,,,,,,,,,,,,,,,,,,,,,,,,,,,,
1433,105N04504,69.0,68.745,68.0,68.0,69.4,70.95,71.2,71.19,70.7,70.59,70.595,70.19,70.2,69.93,69.99,69.59,68.78,67.935,68.215,69.4,69.2,69.38,69.0,69.0,,,,,,,,,,,,,,,,,,,,,,,,,,,,,,,,,,,,,,,,,,,,,,,,,,,,,,,,,,,
1445,105N04513,66.0,64.0,65.0,63.58,65.19,67.795,68.41,67.55,66.2,66.62,66.2,66.37,66.79,66.4,66.0,62.129999999999995,24.455,21.955,25.0,65.0,65.75,65.2,65.8,65.99,,,,,,,,,,,,,,,,,,,,,,,,,,,,,,,,,,,,,,,,,,,,,,,,,,,,,,,,,,,
1499,105+04504,68.0,68.0,68.0,68.0,70.0,71.0,69.0,48.0,63.0,68.0,68.0,69.0,69.0,69.0,69.0,68.0,67.0,67.0,67.0,67.0,68.0,67.0,68.0,68.0,,,,,,,,,,,,,,,,,,,,,,,,,,,,,,,,,,,,,,,,,,,,,,,,,,,,,,,,,,,
1509,105+04512,64.0,63.0,63.0,63.0,69.0,72.0,69.0,62.0,23.0,57.0,68.0,68.0,69.0,68.0,68.0,67.0,67.0,65.0,66.0,67.0,67.0,67.0,66.0,65.0,,,,,,,,,,,,,,,,,,,,,,,,,,,,,,,,,,,,,,,,,,,,,,,,,,,,,,,,,,,
1565,105P04505,67.0,68.0,68.0,68.0,71.0,71.0,69.0,42.0,58.0,67.0,68.0,67.0,68.0,68.0,68.0,67.0,67.0,67.0,67.0,67.0,67.0,67.0,67.0,68.0,,,,,,,,,,,,,,,,,,,,,,,,,,,,,,,,,,,,,,,,,,,,,,,,,,,,,,,,,,,
1575,105P04513,68.0,68.0,69.0,69.0,71.0,73.0,73.0,68.0,12.0,32.0,70.0,71.0,70.0,70.0,70.0,70.0,70.0,69.0,69.0,69.0,69.0,69.0,69.0,69.0,,,,,,,,,,,,,,,,,,,,,,,,,,,,,,,,,,,,,,,,,,,,,,,,,,,,,,,,,,,
1605,105+04879,61.555,60.974999999999994,60.0,60.6,63.955,63.4,65.0,61.985,29.755,62.68,63.98,64.18,64.0,63.2,63.86,61.9,61.605000000000004,60.93,59.15,60.495000000000005,60.8,61.765,62.46,61.96,,,,,,,,,,,,,,,,,,,,,,,,,,,,,,,,,,,,,,,,,,,,,,,,,,,,,,,,,,,
1646,105+04920,66.38499999999999,67.2,67.0,66.745,66.595,67.565,68.375,68.16,68.405,66.76,66.8,67.2,66.5,65.79,62.55,55.0,49.37,46.150000000000006,53.34,61.8,66.775,67.2,68.0,67.6,,,,,,,,,,,,,,,,,,,,,,,,,,,,,,,,,,,,,,,,,,,,,,,,,,,,,,,,,,,
1654,105+04928,65.0,66.0,66.0,66.0,65.63,67.2,66.195,66.68,66.79,65.41,65.79,65.45,65.79,66.0,66.99,67.4,67.77,67.765,67.21000000000001,66.4,67.0,67.37,66.94,66.89,,,,,,,,,,,,,,,,,,,,,,,,,,,,,,,,,,,,,,,,,,,,,,,,,,,,,,,,,,,
1669,105P04880,63.0,62.0,62.0,63.0,66.0,66.0,66.0,59.0,23.015,62.58,65.59,65.6,65.98,66.0,66.235,65.8,65.98,66.17,65.2,65.57,65.14,65.0,66.17,64.0,,,,,,,,,,,,,,,,,,,,,,,,,,,,,,,,,,,,,,,,,,,,,,,,,,,,,,,,,,,
1706,105P04917,67.375,67.28,66.94,66.6,67.0,68.44999999999999,68.57499999999999,69.17500000000001,68.965,67.2,67.235,67.34,66.75,66.0,61.8,49.985,36.995000000000005,32.985,43.525000000000006,59.07,67.99,68.6,69.0,68.96000000000001,,,,,,,,,,,,,,,,,,,,,,,,,,,,,,,,,,,,,,,,,,,,,,,,,,,,,,,,,,,
1729,105-04879,62.0,62.0,61.0,61.0,62.0,68.0,67.0,66.0,63.0,68.0,69.0,68.0,67.0,67.0,66.0,62.0,58.0,53.0,52.0,63.0,64.0,65.0,66.0,66.0,,,,,,,,,,,,,,,,,,,,,,,,,,,,,,,,,,,,,,,,,,,,,,,,,,,,,,,,,,,
1746,105-04896,59.0,60.0,60.0,60.0,66.0,61.0,57.0,54.0,55.0,57.0,59.0,63.0,65.0,65.0,64.0,64.0,64.0,63.0,64.0,64.0,63.0,63.0,63.0,61.0,,,,,,,,,,,,,,,,,,,,,,,,,,,,,,,,,,,,,,,,,,,,,,,,,,,,,,,,,,,
1769,105-04919,65.0,66.0,66.0,66.0,70.0,67.0,26.0,13.0,14.0,52.0,66.0,67.0,67.0,67.0,67.0,67.0,68.0,68.0,69.0,68.0,68.0,67.0,68.0,67.0,,,,,,,,,,,,,,,,,,,,,,,,,,,,,,,,,,,,,,,,,,,,,,,,,,,,,,,,,,,
1778,105-04928,60.0,60.0,60.0,59.0,61.0,64.0,62.0,60.0,63.0,65.0,64.0,64.0,64.0,64.0,64.0,64.0,65.0,65.0,65.0,63.0,62.0,61.0,60.0,60.0,,,,,,,,,,,,,,,,,,,,,,,,,,,,,,,,,,,,,,,,,,,,,,,,,,,,,,,,,,,
1787,105N04877,66.0,66.0,66.0,66.0,66.0,68.0,66.0,34.0,19.0,50.0,66.0,67.0,67.0,66.0,65.0,65.0,66.0,67.0,66.0,66.0,66.0,67.0,67.0,67.0,,,,,,,,,,,,,,,,,,,,,,,,,,,,,,,,,,,,,,,,,,,,,,,,,,,,,,,,,,,
1788,105N04878,64.0,65.0,65.0,64.0,64.0,66.0,64.0,58.0,33.0,62.0,64.0,64.0,64.0,63.0,63.0,62.0,63.0,63.0,62.0,63.0,64.0,65.0,65.0,65.0,,,,,,,,,,,,,,,,,,,,,,,,,,,,,,,,,,,,,,,,,,,,,,,,,,,,,,,,,,,
1808,105N04896,61.0,61.0,62.0,62.0,69.0,65.0,60.0,59.0,59.0,61.0,63.0,67.0,68.0,68.0,68.0,68.0,68.0,68.0,68.0,67.0,66.0,66.0,65.0,63.0,,,,,,,,,,,,,,,,,,,,,,,,,,,,,,,,,,,,,,,,,,,,,,,,,,,,,,,,,,,
1887,105+04347,64.0,64.0,65.0,63.0,68.00999999999999,70.695,71.5,65.0,19.685000000000002,45.0,68.61,69.57499999999999,69.05,68.99,68.0,69.175,69.19,69.215,69.41,68.72999999999999,67.78,67.58,66.0,65.6,,,,,,,,,,,,,,,,,,,,,,,,,,,,,,,,,,,,,,,,,,,,,,,,,,,,,,,,,,,
1900,105+04360,63.0,63.19,62.8,61.78,62.0,65.0,67.56,67.0,66.515,66.5,66.58500000000001,66.78,67.0,66.26,63.1,42.995000000000005,34.39,27.0,26.115000000000002,53.465,65.59,66.6,66.0,65.56,,,,,,,,,,,,,,,,,,,,,,,,,,,,,,,,,,,,,,,,,,,,,,,,,,,,,,,,,,,
1954,105P04359,66.16499999999999,67.0,66.79,66.19,65.63499999999999,67.4,68.35,67.27000000000001,67.125,67.0,66.92,67.38,67.53,66.55,62.974999999999994,38.81,34.34,24.405,23.314999999999998,44.144999999999996,67.0,68.0,68.10499999999999,67.725,,,,,,,,,,,,,,,,,,,,,,,,,,,,,,,,,,,,,,,,,,,,,,,,,,,,,,,,,,,
1981,105P04384,61.0,63.495000000000005,64.12,61.92,61.81,62.0,57.37,44.715,21.59,25.67,44.17,53.44,51.56,49.75,47.95,48.155,54.739999999999995,56.0,58.4,58.16,60.39,61.65,62.17,62.61,,,,,,,,,,,,,,,,,,,,,,,,,,,,,,,,,,,,,,,,,,,,,,,,,,,,,,,,,,,
1984,105P04386,60.0,62.0,61.79,60.18,61.16,61.255,57.54,48.875,21.68,24.84,48.345,53.8,53.17,52.38,52.3,53.16,55.76,56.855000000000004,58.945,59.24,60.754999999999995,61.0,61.8,62.0,,,,,,,,,,,,,,,,,,,,,,,,,,,,,,,,,,,,,,,,,,,,,,,,,,,,,,,,,,,
2008,105-04359,65.0,66.0,66.0,66.0,66.0,66.0,60.0,55.0,49.0,26.0,60.0,63.0,64.0,64.0,65.0,63.0,63.0,62.0,63.0,66.0,66.0,66.0,66.0,67.0,,,,,,,,,,,,,,,,,,,,,,,,,,,,,,,,,,,,,,,,,,,,,,,,,,,,,,,,,,,
2059,105N04356,65.0,66.0,65.0,64.0,65.0,67.0,65.0,61.0,58.0,61.0,63.0,67.0,67.0,67.0,67.0,66.0,61.0,45.0,65.0,68.0,67.0,67.0,68.0,67.0,,,,,,,,,,,,,,,,,,,,,,,,,,,,,,,,,,,,,,,,,,,,,,,,,,,,,,,,,,,
2063,105N04359,67.0,68.0,68.0,67.0,67.0,69.0,63.0,59.0,52.0,21.0,61.0,66.0,67.0,67.0,67.0,66.0,66.0,65.0,66.0,68.0,69.0,68.0,68.0,68.0,,,,,,,,,,,,,,,,,,,,,,,,,,,,,,,,,,,,,,,,,,,,,,,,,,,,,,,,,,,
2091,105N04386,60.0,62.0,61.0,61.0,64.0,64.0,62.0,60.0,56.0,56.0,53.0,50.0,39.0,51.0,39.0,28.0,21.0,19.0,22.0,56.0,61.0,61.0,60.0,61.0,,,,,,,,,,,,,,,,,,,,,,,,,,,,,,,,,,,,,,,,,,,,,,,,,,,,,,,,,,,
2099,105N04392,62.0,63.0,62.0,63.0,65.0,66.0,65.0,64.0,63.0,61.0,61.0,60.0,59.0,61.0,59.0,39.0,10.0,7.0,10.0,62.0,65.0,64.0,65.0,64.0,,,,,,,,,,,,,,,,,,,,,,,,,,,,,,,,,,,,,,,,,,,,,,,,,,,,,,,,,,,
2108,105+04604,63.394999999999996,64.0,64.0,64.0,63.0,63.75,63.0,64.0,63.545,63.989999999999995,64.045,64.0,64.38,64.0,64.6,63.394999999999996,62.17,60.175,62.55,64.14,64.18,64.61,65.16,64.8,,,,,,,,,,,,,,,,,,,,,,,,,,,,,,,,,,,,,,,,,,,,,,,,,,,,,,,,,,,
2113,105P04603,63.79,64.0,64.0,64.0,63.18,64.0,63.4,64.44,64.33,64.0,64.68,64.2,64.78,64.79,64.8,64.0,63.519999999999996,61.6,63.394999999999996,64.0,65.0,65.0,65.4,65.0,,,,,,,,,,,,,,,,,,,,,,,,,,,,,,,,,,,,,,,,,,,,,,,,,,,,,,,,,,,
2116,105-04600,66.0,67.0,67.0,67.0,67.0,68.0,68.0,67.0,65.0,64.0,66.0,65.0,66.0,66.0,66.0,66.0,65.0,64.0,65.0,65.0,64.0,65.0,66.0,66.0,,,,,,,,,,,,,,,,,,,,,,,,,,,,,,,,,,,,,,,,,,,,,,,,,,,,,,,,,,,
2125,105N04603,66.0,68.0,68.0,68.0,68.0,69.0,68.0,66.0,60.0,62.0,65.0,66.0,66.0,66.0,66.0,66.0,65.0,65.0,66.0,66.0,65.0,65.0,66.0,67.0,,,,,,,,,,,,,,,,,,,,,,,,,,,,,,,,,,,,,,,,,,,,,,,,,,,,,,,,,,,
2137,105+04123,63.6,63.6,63.4,63.4,65.0,69.795,69.315,69.405,69.235,69.66,68.99000000000001,67.88,68.16,68.34,67.935,69.0,68.57,68.63,67.38,67.0,66.2,66.0,65.0,64.2,,,,,,,,,,,,,,,,,,,,,,,,,,,,,,,,,,,,,,,,,,,,,,,,,,,,,,,,,,,
2145,105+04130,65.0,67.0,66.15,64.46,66.19,64.2,60.2,56.305,38.730000000000004,58.76,65.19,66.49,65.72,65.79,65.15,65.195,66.13499999999999,65.94,65.925,66.17,66.0,67.0,67.18,67.0,,,,,,,,,,,,,,,,,,,,,,,,,,,,,,,,,,,,,,,,,,,,,,,,,,,,,,,,,,,
2164,105+04148,66.595,66.8,66.0,65.74,66.8,66.57499999999999,62.2,35.129999999999995,29.314999999999998,53.71,61.6,64.6,65.74,65.8,66.155,64.11,62.6,54.45,61.4,64.42500000000001,66.655,66.6,67.6,67.6,,,,,,,,,,,,,,,,,,,,,,,,,,,,,,,,,,,,,,,,,,,,,,,,,,,,,,,,,,,
2170,105+04153,66.0,66.0,65.79,65.12,66.6,66.955,64.23,58.805,27.52,30.34,38.81,61.6,64.4,63.6,61.4,29.27,25.9,25.76,25.965,49.475,65.42,65.92500000000001,67.615,67.41,,,,,,,,,,,,,,,,,,,,,,,,,,,,,,,,,,,,,,,,,,,,,,,,,,,,,,,,,,,
2191,105+04174,65.08,65.6,65.6,65.07,66.35,66.85499999999999,66.0,64.0,59.165,63.0,63.77,64.47,64.0,64.08,63.58,62.6,61.0,46.38,44.83,61.0,61.19,62.91,63.605000000000004,65.37,,,,,,,,,,,,,,,,,,,,,,,,,,,,,,,,,,,,,,,,,,,,,,,,,,,,,,,,,,,
2201,105+04184,65.205,66.5,65.66,65.66,64.52,66.195,61.8,28.515,21.92,21.85,58.2,62.37,62.39,61.39,59.01,58.515,50.989999999999995,46.1,56.325,59.0,60.6,62.89,64.0,65.0,,,,,,,,,,,,,,,,,,,,,,,,,,,,,,,,,,,,,,,,,,,,,,,,,,,,,,,,,,,
2239,105+04241,63.01,65.18,65.19,64.19,63.545,64.17,63.345,62.974999999999994,62.0,62.93,62.6,62.0,61.78,61.4,58.2,49.864999999999995,48.144999999999996,48.849999999999994,53.980000000000004,62.765,63.79,64.58,64.79,65.0,,,,,,,,,,,,,,,,,,,,,,,,,,,,,,,,,,,,,,,,,,,,,,,,,,,,,,,,,,,
2307,105P04131,63.8,65.16499999999999,64.17,62.59,64.935,58.235,23.59,19.97,17.37,19.32,65.625,67.0,66.79,67.57,66.8,67.08,68.445,68.625,67.79,66.34,66.925,66.0,65.4,64.795,,,,,,,,,,,,,,,,,,,,,,,,,,,,,,,,,,,,,,,,,,,,,,,,,,,,,,,,,,,
2329,105P04152,65.0,64.465,64.0,64.0,67.2,67.995,65.0,58.985,29.134999999999998,30.19,36.56,62.58,65.77,64.87,61.625,31.82,29.725,29.035,27.97,40.415,65.79,66.91,68.195,68.0,,,,,,,,,,,,,,,,,,,,,,,,,,,,,,,,,,,,,,,,,,,,,,,,,,,,,,,,,,,
2362,105P04184,65.0,66.8,65.765,65.32,65.775,66.38,62.785,24.195,18.33,18.76,53.885000000000005,62.75,63.0,63.785,63.725,64.16,62.0,60.245,61.59,61.76,61.945,63.0,64.18,65.0,,,,,,,,,,,,,,,,,,,,,,,,,,,,,,,,,,,,,,,,,,,,,,,,,,,,,,,,,,,
2455,105-04129,64.0,66.0,65.0,65.0,64.0,64.0,64.0,65.0,65.0,66.0,65.0,66.0,67.0,66.0,66.0,64.0,62.0,58.0,59.0,64.0,66.0,66.0,67.0,67.0,,,,,,,,,,,,,,,,,,,,,,,,,,,,,,,,,,,,,,,,,,,,,,,,,,,,,,,,,,,
2457,105-04131,63.0,63.0,63.0,63.0,62.0,63.0,64.0,66.0,66.0,66.0,65.0,66.0,66.0,66.0,65.0,63.0,62.0,58.0,58.0,62.0,65.0,65.0,66.0,66.0,,,,,,,,,,,,,,,,,,,,,,,,,,,,,,,,,,,,,,,,,,,,,,,,,,,,,,,,,,,
2474,105-04147,67.0,67.0,66.0,66.0,67.0,68.0,67.0,66.0,64.0,63.0,64.0,65.0,65.0,65.0,64.0,63.0,61.0,56.0,58.0,61.0,65.0,66.0,67.0,67.0,,,,,,,,,,,,,,,,,,,,,,,,,,,,,,,,,,,,,,,,,,,,,,,,,,,,,,,,,,,
2481,105-04152,66.0,64.0,64.0,64.0,64.0,66.0,64.0,54.0,52.0,51.0,52.0,60.0,63.0,62.0,60.0,55.0,43.0,33.0,55.0,57.0,62.0,63.0,65.0,65.0,,,,,,,,,,,,,,,,,,,,,,,,,,,,,,,,,,,,,,,,,,,,,,,,,,,,,,,,,,,
2507,105-04177,68.0,66.0,65.0,66.0,67.0,69.0,66.0,63.0,61.0,62.0,63.0,64.0,64.0,64.0,63.0,63.0,63.0,61.0,62.0,63.0,64.0,65.0,66.0,67.0,,,,,,,,,,,,,,,,,,,,,,,,,,,,,,,,,,,,,,,,,,,,,,,,,,,,,,,,,,,
2514,105-04184,66.0,67.0,67.0,67.0,66.0,65.0,60.0,25.0,24.0,56.0,60.0,61.0,61.0,61.0,61.0,62.0,61.0,60.0,60.0,60.0,60.0,60.0,62.0,64.0,,,,,,,,,,,,,,,,,,,,,,,,,,,,,,,,,,,,,,,,,,,,,,,,,,,,,,,,,,,
2619,105N04129,64.0,64.0,64.0,64.0,64.0,64.0,64.0,66.0,66.0,67.0,65.0,66.0,67.0,67.0,67.0,65.0,63.0,59.0,59.0,64.0,67.0,67.0,67.0,66.0,,,,,,,,,,,,,,,,,,,,,,,,,,,,,,,,,,,,,,,,,,,,,,,,,,,,,,,,,,,
2622,105N04131,64.0,65.0,64.0,64.0,63.0,64.0,64.0,65.0,65.0,65.0,65.0,65.0,65.0,65.0,64.0,62.0,61.0,55.0,57.0,61.0,64.0,65.0,66.0,66.0,,,,,,,,,,,,,,,,,,,,,,,,,,,,,,,,,,,,,,,,,,,,,,,,,,,,,,,,,,,
2640,105N04147,67.0,67.0,66.0,66.0,67.0,68.0,68.0,67.0,65.0,64.0,65.0,66.0,67.0,65.0,65.0,64.0,62.0,46.0,56.0,62.0,65.0,66.0,67.0,68.0,,,,,,,,,,,,,,,,,,,,,,,,,,,,,,,,,,,,,,,,,,,,,,,,,,,,,,,,,,,
2645,105N04152,69.0,66.0,65.0,65.0,66.0,70.0,67.0,61.0,59.0,59.0,60.0,64.0,66.0,66.0,64.0,60.0,33.0,24.0,49.0,60.0,66.0,67.0,68.0,69.0,,,,,,,,,,,,,,,,,,,,,,,,,,,,,,,,,,,,,,,,,,,,,,,,,,,,,,,,,,,
2667,105N04174,67.0,66.0,66.0,66.0,65.0,68.0,68.0,67.0,67.0,67.0,66.0,67.0,67.0,67.0,65.0,60.0,63.0,64.0,66.0,67.0,67.0,67.0,68.0,68.0,,,,,,,,,,,,,,,,,,,,,,,,,,,,,,,,,,,,,,,,,,,,,,,,,,,,,,,,,,,
2670,105N04177,67.0,65.0,64.0,66.0,66.0,68.0,66.0,63.0,63.0,63.0,64.0,65.0,64.0,64.0,63.0,63.0,62.0,58.0,61.0,63.0,64.0,65.0,65.0,67.0,,,,,,,,,,,,,,,,,,,,,,,,,,,,,,,,,,,,,,,,,,,,,,,,,,,,,,,,,,,
2688,105N04193,63.0,63.0,63.0,63.0,61.0,61.0,58.0,54.0,53.0,54.0,55.0,56.0,57.0,58.0,57.0,56.0,49.0,54.0,57.0,58.0,58.0,59.0,61.0,63.0,,,,,,,,,,,,,,,,,,,,,,,,,,,,,,,,,,,,,,,,,,,,,,,,,,,,,,,,,,,
2722,105N04248,65.0,65.0,65.0,65.0,66.0,67.0,67.0,64.0,63.0,64.0,64.0,64.0,64.0,65.0,64.0,64.0,64.0,63.0,64.0,65.0,65.0,66.0,66.0,65.0,,,,,,,,,,,,,,,,,,,,,,,,,,,,,,,,,,,,,,,,,,,,,,,,,,,,,,,,,,,
